epoch,Training Loss,Valid. Loss,Valid. Accur.,Vaid. F1 Score
1,0.5112549749470965,0.46782738719800837,0.8555716242959355,0.8557637490023184
2,0.43279421891494785,0.5114292496060062,0.8626503272948698,0.864917468278624
3,0.3237378342489223,0.6547439604944244,0.8698051453798142,0.8714054805848964
4,0.21836853679671123,0.7652614536425316,0.869500685035774,0.8711047626207571
