epoch,Training Loss,Valid. Loss,Valid. Accur.,Vaid. F1 Score
1,0.5216488770516836,0.5045647196989703,0.8448971820258949,0.8434485144328708
2,0.4542362799868716,0.5340649665367662,0.8558644325971059,0.8553300462485189
3,0.3496706045877921,0.6789990664065749,0.8589108910891089,0.8585499942732792
4,0.24572683499263717,0.8118928344504138,0.8575019040365575,0.8579347000759301
